{
  "annotations": {
    "list": [
      {
        "builtIn": 1,
        "datasource": { "type": "grafana", "uid": "-- Grafana --" },
        "enable": true,
        "hide": true,
        "iconColor": "rgba(0, 211, 255, 1)",
        "name": "Annotations & Alerts",
        "type": "dashboard"
      }
    ]
  },
  "description": "Authentication analytics for SonicWall Cloud Secure Edge - v2.1",
  "editable": true,
  "fiscalYearStartMonth": 0,
  "graphTooltip": 1,
  "id": null,
  "links": [],
  "panels": [
    {
      "collapsed": false,
      "gridPos": { "h": 1, "w": 24, "x": 0, "y": 0 },
      "id": 1,
      "panels": [],
      "title": "Authentication Overview",
      "type": "row"
    },
    {
      "datasource": { "type": "loki", "uid": "loki" },
      "fieldConfig": {
        "defaults": {
          "color": { "mode": "thresholds" },
          "mappings": [],
          "thresholds": { "mode": "absolute", "steps": [{ "color": "green", "value": null }] },
          "unit": "short"
        },
        "overrides": []
      },
      "gridPos": { "h": 4, "w": 6, "x": 0, "y": 1 },
      "id": 2,
      "options": {
        "colorMode": "background",
        "graphMode": "area",
        "justifyMode": "auto",
        "orientation": "auto",
        "reduceOptions": { "calcs": ["sum"], "fields": "", "values": false },
        "textMode": "auto"
      },
      "targets": [
        {
          "datasource": { "type": "loki", "uid": "loki" },
          "expr": "sum(count_over_time({job=\"sonicwall-cse\", event_type=\"Identity\"} [$__range]))",
          "refId": "A"
        }
      ],
      "title": "Total Auth Events",
      "type": "stat"
    },
    {
      "datasource": { "type": "loki", "uid": "loki" },
      "fieldConfig": {
        "defaults": {
          "color": { "mode": "thresholds" },
          "mappings": [],
          "thresholds": { "mode": "absolute", "steps": [{ "color": "green", "value": null }] },
          "unit": "short"
        },
        "overrides": []
      },
      "gridPos": { "h": 4, "w": 6, "x": 6, "y": 1 },
      "id": 3,
      "options": {
        "colorMode": "background",
        "graphMode": "area",
        "justifyMode": "auto",
        "orientation": "auto",
        "reduceOptions": { "calcs": ["sum"], "fields": "", "values": false },
        "textMode": "auto"
      },
      "targets": [
        {
          "datasource": { "type": "loki", "uid": "loki" },
          "expr": "sum(count_over_time({job=\"sonicwall-cse\", event_type=\"Identity\", action=\"Grant\"} [$__range]))",
          "refId": "A"
        }
      ],
      "title": "Successful Logins",
      "type": "stat"
    },
    {
      "datasource": { "type": "loki", "uid": "loki" },
      "fieldConfig": {
        "defaults": {
          "color": { "mode": "thresholds" },
          "mappings": [],
          "thresholds": {
            "mode": "absolute",
            "steps": [
              { "color": "green", "value": null },
              { "color": "yellow", "value": 5 },
              { "color": "red", "value": 20 }
            ]
          },
          "unit": "short"
        },
        "overrides": []
      },
      "gridPos": { "h": 4, "w": 6, "x": 12, "y": 1 },
      "id": 4,
      "options": {
        "colorMode": "background",
        "graphMode": "area",
        "justifyMode": "auto",
        "orientation": "auto",
        "reduceOptions": { "calcs": ["sum"], "fields": "", "values": false },
        "textMode": "auto"
      },
      "targets": [
        {
          "datasource": { "type": "loki", "uid": "loki" },
          "expr": "sum(count_over_time({job=\"sonicwall-cse\", event_type=\"Identity\", action=\"Deny\"} [$__range]))",
          "refId": "A"
        }
      ],
      "title": "Failed Logins",
      "type": "stat"
    },
    {
      "datasource": { "type": "loki", "uid": "loki" },
      "fieldConfig": {
        "defaults": {
          "color": { "mode": "thresholds" },
          "mappings": [],
          "max": 100,
          "min": 0,
          "thresholds": {
            "mode": "absolute",
            "steps": [
              { "color": "red", "value": null },
              { "color": "yellow", "value": 90 },
              { "color": "green", "value": 98 }
            ]
          },
          "unit": "percent"
        },
        "overrides": []
      },
      "gridPos": { "h": 4, "w": 6, "x": 18, "y": 1 },
      "id": 5,
      "options": {
        "colorMode": "background",
        "graphMode": "area",
        "justifyMode": "auto",
        "orientation": "auto",
        "reduceOptions": { "calcs": ["lastNotNull"], "fields": "", "values": false },
        "textMode": "auto"
      },
      "targets": [
        {
          "datasource": { "type": "loki", "uid": "loki" },
          "expr": "100 * sum(count_over_time({job=\"sonicwall-cse\", event_type=\"Identity\", action=\"Grant\"} [$__range])) / sum(count_over_time({job=\"sonicwall-cse\", event_type=\"Identity\"} [$__range]))",
          "refId": "A"
        }
      ],
      "title": "Success Rate",
      "type": "stat"
    },
    {
      "collapsed": false,
      "gridPos": { "h": 1, "w": 24, "x": 0, "y": 5 },
      "id": 6,
      "panels": [],
      "title": "Authentication Timeline",
      "type": "row"
    },
    {
      "datasource": { "type": "loki", "uid": "loki" },
      "fieldConfig": {
        "defaults": {
          "color": { "mode": "palette-classic" },
          "custom": {
            "axisBorderShow": false,
            "axisCenteredZero": false,
            "axisColorMode": "text",
            "axisLabel": "",
            "axisPlacement": "auto",
            "barAlignment": 0,
            "drawStyle": "bars",
            "fillOpacity": 80,
            "gradientMode": "none",
            "hideFrom": { "legend": false, "tooltip": false, "viz": false },
            "insertNulls": false,
            "lineInterpolation": "linear",
            "lineWidth": 1,
            "pointSize": 5,
            "scaleDistribution": { "type": "linear" },
            "showPoints": "never",
            "spanNulls": false,
            "stacking": { "group": "A", "mode": "normal" },
            "thresholdsStyle": { "mode": "off" }
          },
          "mappings": [],
          "thresholds": { "mode": "absolute", "steps": [{ "color": "green", "value": null }] },
          "unit": "short"
        },
        "overrides": [
          {
            "matcher": { "id": "byName", "options": "Deny" },
            "properties": [{ "id": "color", "value": { "fixedColor": "red", "mode": "fixed" } }]
          },
          {
            "matcher": { "id": "byName", "options": "Grant" },
            "properties": [{ "id": "color", "value": { "fixedColor": "green", "mode": "fixed" } }]
          }
        ]
      },
      "gridPos": { "h": 8, "w": 24, "x": 0, "y": 6 },
      "id": 7,
      "options": {
        "legend": { "calcs": ["sum"], "displayMode": "table", "placement": "right", "showLegend": true },
        "tooltip": { "mode": "multi", "sort": "desc" }
      },
      "targets": [
        {
          "datasource": { "type": "loki", "uid": "loki" },
          "expr": "sum by (action) (count_over_time({job=\"sonicwall-cse\", event_type=\"Identity\"} [$__interval]))",
          "legendFormat": "{{action}}",
          "refId": "A"
        }
      ],
      "title": "Authentication Events Over Time",
      "type": "timeseries"
    },
    {
      "collapsed": false,
      "gridPos": { "h": 1, "w": 24, "x": 0, "y": 14 },
      "id": 8,
      "panels": [],
      "title": "User Analysis",
      "type": "row"
    },
    {
      "datasource": { "type": "loki", "uid": "loki" },
      "fieldConfig": {
        "defaults": {
          "color": { "mode": "thresholds" },
          "custom": { "align": "auto", "cellOptions": { "type": "auto" }, "inspect": false },
          "mappings": [],
          "thresholds": { "mode": "absolute", "steps": [{ "color": "green", "value": null }] }
        },
        "overrides": [
          {
            "matcher": { "id": "byName", "options": "Value" },
            "properties": [
              { "id": "displayName", "value": "Auth Events" },
              { "id": "custom.cellOptions", "value": { "mode": "gradient", "type": "gauge" } }
            ]
          }
        ]
      },
      "gridPos": { "h": 10, "w": 12, "x": 0, "y": 15 },
      "id": 9,
      "options": {
        "cellHeight": "sm",
        "footer": { "countRows": false, "fields": "", "reducer": ["sum"], "show": false },
        "showHeader": true,
        "sortBy": [{ "desc": true, "displayName": "Auth Events" }]
      },
      "targets": [
        {
          "datasource": { "type": "loki", "uid": "loki" },
          "expr": "sum by (user_email) (count_over_time({job=\"sonicwall-cse\", event_type=\"Identity\", user_email!=\"\"} [$__range]))",
          "legendFormat": "{{user_email}}",
          "refId": "A"
        }
      ],
      "title": "Most Active Users",
      "transformations": [
        { "id": "reduce", "options": { "reducers": ["sum"] } },
        { "id": "sortBy", "options": { "fields": {}, "sort": [{ "desc": true, "field": "Total" }] } }
      ],
      "type": "table"
    },
    {
      "datasource": { "type": "loki", "uid": "loki" },
      "fieldConfig": {
        "defaults": {
          "color": { "mode": "thresholds" },
          "custom": { "align": "auto", "cellOptions": { "type": "auto" }, "inspect": false },
          "mappings": [],
          "thresholds": {
            "mode": "absolute",
            "steps": [
              { "color": "green", "value": null },
              { "color": "yellow", "value": 3 },
              { "color": "red", "value": 10 }
            ]
          }
        },
        "overrides": [
          {
            "matcher": { "id": "byName", "options": "Value" },
            "properties": [
              { "id": "displayName", "value": "Failed Attempts" },
              { "id": "custom.cellOptions", "value": { "mode": "gradient", "type": "gauge" } }
            ]
          }
        ]
      },
      "gridPos": { "h": 10, "w": 12, "x": 12, "y": 15 },
      "id": 10,
      "options": {
        "cellHeight": "sm",
        "footer": { "countRows": false, "fields": "", "reducer": ["sum"], "show": false },
        "showHeader": true,
        "sortBy": [{ "desc": true, "displayName": "Failed Attempts" }]
      },
      "targets": [
        {
          "datasource": { "type": "loki", "uid": "loki" },
          "expr": "sum by (user_email) (count_over_time({job=\"sonicwall-cse\", event_type=\"Identity\", action=\"Deny\", user_email!=\"\"} [$__range]))",
          "legendFormat": "{{user_email}}",
          "refId": "A"
        }
      ],
      "title": "Users with Failed Logins",
      "transformations": [
        { "id": "reduce", "options": { "reducers": ["sum"] } },
        { "id": "sortBy", "options": { "fields": {}, "sort": [{ "desc": true, "field": "Total" }] } }
      ],
      "type": "table"
    },
    {
      "collapsed": false,
      "gridPos": { "h": 1, "w": 24, "x": 0, "y": 25 },
      "id": 11,
      "panels": [],
      "title": "Device & Trust Analysis",
      "type": "row"
    },
    {
      "datasource": { "type": "loki", "uid": "loki" },
      "fieldConfig": {
        "defaults": {
          "color": { "mode": "palette-classic" },
          "custom": { "hideFrom": { "legend": false, "tooltip": false, "viz": false } },
          "mappings": []
        },
        "overrides": []
      },
      "gridPos": { "h": 8, "w": 8, "x": 0, "y": 26 },
      "id": 12,
      "options": {
        "legend": { "displayMode": "table", "placement": "right", "showLegend": true, "values": ["value", "percent"] },
        "pieType": "donut",
        "reduceOptions": { "calcs": ["sum"], "fields": "", "values": false },
        "tooltip": { "mode": "single", "sort": "none" }
      },
      "targets": [
        {
          "datasource": { "type": "loki", "uid": "loki" },
          "expr": "sum by (device_platform) (count_over_time({job=\"sonicwall-cse\", event_type=\"Identity\", device_platform!=\"\"} [$__range]))",
          "legendFormat": "{{device_platform}}",
          "refId": "A"
        }
      ],
      "title": "Auth by Device OS",
      "type": "piechart"
    },
    {
      "datasource": { "type": "loki", "uid": "loki" },
      "fieldConfig": {
        "defaults": {
          "color": { "mode": "palette-classic" },
          "custom": { "hideFrom": { "legend": false, "tooltip": false, "viz": false } },
          "mappings": []
        },
        "overrides": [
          { "matcher": { "id": "byName", "options": "High" }, "properties": [{ "id": "color", "value": { "fixedColor": "green", "mode": "fixed" } }] },
          { "matcher": { "id": "byName", "options": "Medium" }, "properties": [{ "id": "color", "value": { "fixedColor": "yellow", "mode": "fixed" } }] },
          { "matcher": { "id": "byName", "options": "Low" }, "properties": [{ "id": "color", "value": { "fixedColor": "red", "mode": "fixed" } }] }
        ]
      },
      "gridPos": { "h": 8, "w": 8, "x": 8, "y": 26 },
      "id": 13,
      "options": {
        "legend": { "displayMode": "table", "placement": "right", "showLegend": true, "values": ["value", "percent"] },
        "pieType": "donut",
        "reduceOptions": { "calcs": ["sum"], "fields": "", "values": false },
        "tooltip": { "mode": "single", "sort": "none" }
      },
      "targets": [
        {
          "datasource": { "type": "loki", "uid": "loki" },
          "expr": "sum by (trust_level) (count_over_time({job=\"sonicwall-cse\", trust_level!=\"\"} [$__range]))",
          "legendFormat": "{{trust_level}}",
          "refId": "A"
        }
      ],
      "title": "Auth by Trust Level",
      "type": "piechart"
    },
    {
      "datasource": { "type": "loki", "uid": "loki" },
      "fieldConfig": {
        "defaults": {
          "color": { "mode": "thresholds" },
          "custom": { "align": "auto", "cellOptions": { "type": "auto" }, "inspect": false },
          "mappings": [],
          "thresholds": { "mode": "absolute", "steps": [{ "color": "green", "value": null }] }
        },
        "overrides": []
      },
      "gridPos": { "h": 8, "w": 8, "x": 16, "y": 26 },
      "id": 14,
      "options": {
        "cellHeight": "sm",
        "footer": { "countRows": false, "fields": "", "reducer": ["sum"], "show": false },
        "showHeader": true
      },
      "targets": [
        {
          "datasource": { "type": "loki", "uid": "loki" },
          "expr": "sum by (device_model) (count_over_time({job=\"sonicwall-cse\", device_model!=\"\"} [$__range]))",
          "legendFormat": "{{device_model}}",
          "refId": "A"
        }
      ],
      "title": "Top Devices",
      "transformations": [
        { "id": "reduce", "options": { "reducers": ["sum"] } },
        { "id": "sortBy", "options": { "fields": {}, "sort": [{ "desc": true, "field": "Total" }] } }
      ],
      "type": "table"
    },
    {
      "collapsed": false,
      "gridPos": { "h": 1, "w": 24, "x": 0, "y": 34 },
      "id": 15,
      "panels": [],
      "title": "Authentication Logs",
      "type": "row"
    },
    {
      "datasource": { "type": "loki", "uid": "loki" },
      "gridPos": { "h": 10, "w": 24, "x": 0, "y": 35 },
      "id": 16,
      "options": {
        "dedupStrategy": "none",
        "enableLogDetails": true,
        "prettifyLogMessage": false,
        "showCommonLabels": false,
        "showLabels": true,
        "showTime": true,
        "sortOrder": "Descending",
        "wrapLogMessage": true
      },
      "targets": [
        {
          "datasource": { "type": "loki", "uid": "loki" },
          "expr": "{job=\"sonicwall-cse\", event_type=\"Identity\"}",
          "refId": "A"
        }
      ],
      "title": "Authentication Event Logs",
      "type": "logs"
    }
  ],
  "refresh": "30s",
  "schemaVersion": 38,
  "tags": ["sonicwall", "cse", "authentication", "security"],
  "templating": { "list": [] },
  "time": { "from": "now-24h", "to": "now" },
  "timepicker": {},
  "timezone": "",
  "title": "CSE Authentication Analytics",
  "uid": "cse-authentication-v2",
  "version": 1,
  "weekStart": ""
}
