{
  "annotations": {
    "list": [
      {
        "builtIn": 1,
        "datasource": { "type": "grafana", "uid": "-- Grafana --" },
        "enable": true,
        "hide": true,
        "iconColor": "rgba(0, 211, 255, 1)",
        "name": "Annotations & Alerts",
        "type": "dashboard"
      }
    ]
  },
  "description": "Security events and access control for SonicWall CSE - v2.1",
  "editable": true,
  "fiscalYearStartMonth": 0,
  "graphTooltip": 1,
  "id": null,
  "links": [],
  "panels": [
    {
      "collapsed": false,
      "gridPos": { "h": 1, "w": 24, "x": 0, "y": 0 },
      "id": 1,
      "panels": [],
      "title": "Security Overview",
      "type": "row"
    },
    {
      "datasource": { "type": "loki", "uid": "loki" },
      "fieldConfig": {
        "defaults": {
          "color": { "mode": "thresholds" },
          "mappings": [],
          "thresholds": {
            "mode": "absolute",
            "steps": [
              { "color": "green", "value": null },
              { "color": "yellow", "value": 10 },
              { "color": "red", "value": 50 }
            ]
          },
          "unit": "short"
        },
        "overrides": []
      },
      "gridPos": { "h": 4, "w": 6, "x": 0, "y": 1 },
      "id": 2,
      "options": {
        "colorMode": "background",
        "graphMode": "area",
        "justifyMode": "auto",
        "orientation": "auto",
        "reduceOptions": { "calcs": ["sum"], "fields": "", "values": false },
        "textMode": "auto"
      },
      "targets": [
        {
          "datasource": { "type": "loki", "uid": "loki" },
          "expr": "sum(count_over_time({job=\"sonicwall-cse\", action=~\"Deny|Unauthorized\"} [$__range]))",
          "refId": "A"
        }
      ],
      "title": "Blocked Events",
      "type": "stat"
    },
    {
      "datasource": { "type": "loki", "uid": "loki" },
      "fieldConfig": {
        "defaults": {
          "color": { "mode": "thresholds" },
          "mappings": [],
          "thresholds": {
            "mode": "absolute",
            "steps": [
              { "color": "green", "value": null },
              { "color": "yellow", "value": 5 },
              { "color": "red", "value": 20 }
            ]
          },
          "unit": "short"
        },
        "overrides": []
      },
      "gridPos": { "h": 4, "w": 6, "x": 6, "y": 1 },
      "id": 3,
      "options": {
        "colorMode": "background",
        "graphMode": "area",
        "justifyMode": "auto",
        "orientation": "auto",
        "reduceOptions": { "calcs": ["sum"], "fields": "", "values": false },
        "textMode": "auto"
      },
      "targets": [
        {
          "datasource": { "type": "loki", "uid": "loki" },
          "expr": "sum(count_over_time({job=\"sonicwall-cse\", event_type=\"Identity\", action=\"Deny\"} [$__range]))",
          "refId": "A"
        }
      ],
      "title": "Failed Auth Attempts",
      "type": "stat"
    },
    {
      "datasource": { "type": "loki", "uid": "loki" },
      "fieldConfig": {
        "defaults": {
          "color": { "mode": "thresholds" },
          "mappings": [],
          "thresholds": { "mode": "absolute", "steps": [{ "color": "purple", "value": null }] },
          "unit": "short"
        },
        "overrides": []
      },
      "gridPos": { "h": 4, "w": 6, "x": 12, "y": 1 },
      "id": 4,
      "options": {
        "colorMode": "background",
        "graphMode": "area",
        "justifyMode": "auto",
        "orientation": "auto",
        "reduceOptions": { "calcs": ["sum"], "fields": "", "values": false },
        "textMode": "auto"
      },
      "targets": [
        {
          "datasource": { "type": "loki", "uid": "loki" },
          "expr": "sum(count_over_time({job=\"sonicwall-cse\", event_type=\"TrustScoring\"} [$__range]))",
          "refId": "A"
        }
      ],
      "title": "Trust Score Events",
      "type": "stat"
    },
    {
      "datasource": { "type": "loki", "uid": "loki" },
      "fieldConfig": {
        "defaults": {
          "color": { "mode": "thresholds" },
          "mappings": [],
          "thresholds": { "mode": "absolute", "steps": [{ "color": "orange", "value": null }] },
          "unit": "short"
        },
        "overrides": []
      },
      "gridPos": { "h": 4, "w": 6, "x": 18, "y": 1 },
      "id": 5,
      "options": {
        "colorMode": "background",
        "graphMode": "area",
        "justifyMode": "auto",
        "orientation": "auto",
        "reduceOptions": { "calcs": ["sum"], "fields": "", "values": false },
        "textMode": "auto"
      },
      "targets": [
        {
          "datasource": { "type": "loki", "uid": "loki" },
          "expr": "count(sum by (geo_country) (count_over_time({job=\"sonicwall-cse\", geo_country!=\"\"} [$__range])))",
          "refId": "A"
        }
      ],
      "title": "Unique Countries",
      "type": "stat"
    },
    {
      "collapsed": false,
      "gridPos": { "h": 1, "w": 24, "x": 0, "y": 5 },
      "id": 6,
      "panels": [],
      "title": "Security Timeline",
      "type": "row"
    },
    {
      "datasource": { "type": "loki", "uid": "loki" },
      "fieldConfig": {
        "defaults": {
          "color": { "mode": "palette-classic" },
          "custom": {
            "axisBorderShow": false,
            "axisCenteredZero": false,
            "axisColorMode": "text",
            "axisPlacement": "auto",
            "barAlignment": 0,
            "drawStyle": "bars",
            "fillOpacity": 80,
            "gradientMode": "none",
            "hideFrom": { "legend": false, "tooltip": false, "viz": false },
            "lineWidth": 1,
            "pointSize": 5,
            "showPoints": "never",
            "spanNulls": false,
            "stacking": { "group": "A", "mode": "normal" },
            "thresholdsStyle": { "mode": "off" }
          },
          "mappings": [],
          "thresholds": { "mode": "absolute", "steps": [{ "color": "green", "value": null }] },
          "unit": "short"
        },
        "overrides": [
          { "matcher": { "id": "byName", "options": "Deny" }, "properties": [{ "id": "color", "value": { "fixedColor": "red", "mode": "fixed" } }] },
          { "matcher": { "id": "byName", "options": "Unauthorized" }, "properties": [{ "id": "color", "value": { "fixedColor": "orange", "mode": "fixed" } }] },
          { "matcher": { "id": "byName", "options": "Grant" }, "properties": [{ "id": "color", "value": { "fixedColor": "green", "mode": "fixed" } }] },
          { "matcher": { "id": "byName", "options": "Authorized" }, "properties": [{ "id": "color", "value": { "fixedColor": "blue", "mode": "fixed" } }] }
        ]
      },
      "gridPos": { "h": 8, "w": 24, "x": 0, "y": 6 },
      "id": 7,
      "options": {
        "legend": { "calcs": ["sum"], "displayMode": "table", "placement": "right", "showLegend": true },
        "tooltip": { "mode": "multi", "sort": "desc" }
      },
      "targets": [
        {
          "datasource": { "type": "loki", "uid": "loki" },
          "expr": "sum by (action) (count_over_time({job=\"sonicwall-cse\"} [$__interval]))",
          "legendFormat": "{{action}}",
          "refId": "A"
        }
      ],
      "title": "All Actions Over Time",
      "type": "timeseries"
    },
    {
      "collapsed": false,
      "gridPos": { "h": 1, "w": 24, "x": 0, "y": 14 },
      "id": 8,
      "panels": [],
      "title": "Trust & Access Analysis",
      "type": "row"
    },
    {
      "datasource": { "type": "loki", "uid": "loki" },
      "fieldConfig": {
        "defaults": {
          "color": { "mode": "palette-classic" },
          "custom": { "hideFrom": { "legend": false, "tooltip": false, "viz": false } },
          "mappings": []
        },
        "overrides": []
      },
      "gridPos": { "h": 8, "w": 8, "x": 0, "y": 15 },
      "id": 9,
      "options": {
        "legend": { "displayMode": "table", "placement": "right", "showLegend": true, "values": ["value", "percent"] },
        "pieType": "donut",
        "reduceOptions": { "calcs": ["sum"], "fields": "", "values": false },
        "tooltip": { "mode": "single", "sort": "none" }
      },
      "targets": [
        {
          "datasource": { "type": "loki", "uid": "loki" },
          "expr": "sum by (trust_score) (count_over_time({job=\"sonicwall-cse\", trust_score!=\"\"} [$__range]))",
          "legendFormat": "Score: {{trust_score}}",
          "refId": "A"
        }
      ],
      "title": "Trust Score Distribution",
      "type": "piechart"
    },
    {
      "datasource": { "type": "loki", "uid": "loki" },
      "fieldConfig": {
        "defaults": {
          "color": { "mode": "palette-classic" },
          "custom": {
            "axisBorderShow": false,
            "axisPlacement": "auto",
            "drawStyle": "line",
            "fillOpacity": 20,
            "lineInterpolation": "smooth",
            "lineWidth": 2,
            "pointSize": 5,
            "showPoints": "never",
            "spanNulls": false,
            "stacking": { "group": "A", "mode": "none" },
            "thresholdsStyle": { "mode": "off" }
          },
          "mappings": [],
          "thresholds": { "mode": "absolute", "steps": [{ "color": "green", "value": null }] },
          "unit": "short"
        },
        "overrides": []
      },
      "gridPos": { "h": 8, "w": 16, "x": 8, "y": 15 },
      "id": 10,
      "options": {
        "legend": { "calcs": [], "displayMode": "list", "placement": "bottom", "showLegend": true },
        "tooltip": { "mode": "multi", "sort": "desc" }
      },
      "targets": [
        {
          "datasource": { "type": "loki", "uid": "loki" },
          "expr": "sum by (event_type) (count_over_time({job=\"sonicwall-cse\"} [$__interval]))",
          "legendFormat": "{{event_type}}",
          "refId": "A"
        }
      ],
      "title": "Event Types Over Time",
      "type": "timeseries"
    },
    {
      "collapsed": false,
      "gridPos": { "h": 1, "w": 24, "x": 0, "y": 23 },
      "id": 11,
      "panels": [],
      "title": "Geographic Analysis",
      "type": "row"
    },
    {
      "datasource": { "type": "loki", "uid": "loki" },
      "fieldConfig": {
        "defaults": {
          "color": { "mode": "thresholds" },
          "custom": { "align": "auto", "cellOptions": { "type": "auto" }, "inspect": false },
          "mappings": [],
          "thresholds": { "mode": "absolute", "steps": [{ "color": "green", "value": null }] }
        },
        "overrides": [
          {
            "matcher": { "id": "byName", "options": "Value" },
            "properties": [
              { "id": "displayName", "value": "Events" },
              { "id": "custom.cellOptions", "value": { "mode": "gradient", "type": "gauge" } }
            ]
          }
        ]
      },
      "gridPos": { "h": 8, "w": 8, "x": 0, "y": 24 },
      "id": 12,
      "options": {
        "cellHeight": "sm",
        "footer": { "countRows": false, "fields": "", "reducer": ["sum"], "show": false },
        "showHeader": true
      },
      "targets": [
        {
          "datasource": { "type": "loki", "uid": "loki" },
          "expr": "topk(15, sum by (geo_country) (count_over_time({job=\"sonicwall-cse\", geo_country!=\"\"} [$__range])))",
          "legendFormat": "{{geo_country}}",
          "refId": "A"
        }
      ],
      "title": "Top Countries",
      "transformations": [{ "id": "reduce", "options": { "reducers": ["sum"] } }],
      "type": "table"
    },
    {
      "datasource": { "type": "loki", "uid": "loki" },
      "fieldConfig": {
        "defaults": {
          "color": { "mode": "thresholds" },
          "custom": { "align": "auto", "cellOptions": { "type": "auto" }, "inspect": false },
          "mappings": [],
          "thresholds": { "mode": "absolute", "steps": [{ "color": "green", "value": null }] }
        },
        "overrides": [
          {
            "matcher": { "id": "byName", "options": "Value" },
            "properties": [
              { "id": "displayName", "value": "Events" },
              { "id": "custom.cellOptions", "value": { "mode": "gradient", "type": "gauge" } }
            ]
          }
        ]
      },
      "gridPos": { "h": 8, "w": 8, "x": 8, "y": 24 },
      "id": 13,
      "options": {
        "cellHeight": "sm",
        "footer": { "countRows": false, "fields": "", "reducer": ["sum"], "show": false },
        "showHeader": true
      },
      "targets": [
        {
          "datasource": { "type": "loki", "uid": "loki" },
          "expr": "topk(15, sum by (geo_city) (count_over_time({job=\"sonicwall-cse\", geo_city!=\"\"} [$__range])))",
          "legendFormat": "{{geo_city}}",
          "refId": "A"
        }
      ],
      "title": "Top Cities",
      "transformations": [{ "id": "reduce", "options": { "reducers": ["sum"] } }],
      "type": "table"
    },
    {
      "datasource": { "type": "loki", "uid": "loki" },
      "fieldConfig": {
        "defaults": {
          "color": { "mode": "thresholds" },
          "custom": { "align": "auto", "cellOptions": { "type": "auto" }, "inspect": false },
          "mappings": [],
          "thresholds": { "mode": "absolute", "steps": [{ "color": "green", "value": null }] }
        },
        "overrides": [
          {
            "matcher": { "id": "byName", "options": "Value" },
            "properties": [
              { "id": "displayName", "value": "Events" },
              { "id": "custom.cellOptions", "value": { "mode": "gradient", "type": "gauge" } }
            ]
          }
        ]
      },
      "gridPos": { "h": 8, "w": 8, "x": 16, "y": 24 },
      "id": 14,
      "options": {
        "cellHeight": "sm",
        "footer": { "countRows": false, "fields": "", "reducer": ["sum"], "show": false },
        "showHeader": true
      },
      "targets": [
        {
          "datasource": { "type": "loki", "uid": "loki" },
          "expr": "topk(15, sum by (client_ip) (count_over_time({job=\"sonicwall-cse\", client_ip!=\"\"} [$__range])))",
          "legendFormat": "{{client_ip}}",
          "refId": "A"
        }
      ],
      "title": "Top Client IPs",
      "transformations": [{ "id": "reduce", "options": { "reducers": ["sum"] } }],
      "type": "table"
    },
    {
      "collapsed": false,
      "gridPos": { "h": 1, "w": 24, "x": 0, "y": 32 },
      "id": 15,
      "panels": [],
      "title": "Security Event Logs",
      "type": "row"
    },
    {
      "datasource": { "type": "loki", "uid": "loki" },
      "gridPos": { "h": 10, "w": 24, "x": 0, "y": 33 },
      "id": 16,
      "options": {
        "dedupStrategy": "none",
        "enableLogDetails": true,
        "prettifyLogMessage": false,
        "showCommonLabels": false,
        "showLabels": true,
        "showTime": true,
        "sortOrder": "Descending",
        "wrapLogMessage": true
      },
      "targets": [
        {
          "datasource": { "type": "loki", "uid": "loki" },
          "expr": "{job=\"sonicwall-cse\"}",
          "refId": "A"
        }
      ],
      "title": "All Event Logs",
      "type": "logs"
    }
  ],
  "refresh": "30s",
  "schemaVersion": 38,
  "tags": ["sonicwall", "cse", "security", "access"],
  "templating": { "list": [] },
  "time": { "from": "now-24h", "to": "now" },
  "timepicker": {},
  "timezone": "",
  "title": "CSE Security Events",
  "uid": "cse-security-events-v2",
  "version": 1,
  "weekStart": ""
}
