{
  "annotations": {
    "list": [
      {
        "builtIn": 1,
        "datasource": { "type": "grafana", "uid": "-- Grafana --" },
        "enable": true,
        "hide": true,
        "iconColor": "rgba(0, 211, 255, 1)",
        "name": "Annotations & Alerts",
        "type": "dashboard"
      }
    ]
  },
  "description": "Daily overview of SonicWall Cloud Secure Edge activity - v2.1",
  "editable": true,
  "fiscalYearStartMonth": 0,
  "graphTooltip": 1,
  "id": null,
  "links": [],
  "panels": [
    {
      "collapsed": false,
      "gridPos": { "h": 1, "w": 24, "x": 0, "y": 0 },
      "id": 1,
      "panels": [],
      "title": "Overview Stats",
      "type": "row"
    },
    {
      "datasource": { "type": "loki", "uid": "loki" },
      "fieldConfig": {
        "defaults": {
          "color": { "mode": "thresholds" },
          "mappings": [],
          "thresholds": { "mode": "absolute", "steps": [{ "color": "blue", "value": null }] },
          "unit": "short"
        },
        "overrides": []
      },
      "gridPos": { "h": 4, "w": 4, "x": 0, "y": 1 },
      "id": 2,
      "options": {
        "colorMode": "background",
        "graphMode": "area",
        "justifyMode": "auto",
        "orientation": "auto",
        "reduceOptions": { "calcs": ["sum"], "fields": "", "values": false },
        "textMode": "auto"
      },
      "targets": [
        {
          "datasource": { "type": "loki", "uid": "loki" },
          "expr": "sum(count_over_time({job=\"sonicwall-cse\"} [$__range]))",
          "refId": "A"
        }
      ],
      "title": "Total Events",
      "type": "stat"
    },
    {
      "datasource": { "type": "loki", "uid": "loki" },
      "fieldConfig": {
        "defaults": {
          "color": { "mode": "thresholds" },
          "mappings": [],
          "thresholds": { "mode": "absolute", "steps": [{ "color": "green", "value": null }] },
          "unit": "short"
        },
        "overrides": []
      },
      "gridPos": { "h": 4, "w": 4, "x": 4, "y": 1 },
      "id": 3,
      "options": {
        "colorMode": "background",
        "graphMode": "area",
        "justifyMode": "auto",
        "orientation": "auto",
        "reduceOptions": { "calcs": ["sum"], "fields": "", "values": false },
        "textMode": "auto"
      },
      "targets": [
        {
          "datasource": { "type": "loki", "uid": "loki" },
          "expr": "sum(count_over_time({job=\"sonicwall-cse\", event_type=\"Identity\"} [$__range]))",
          "refId": "A"
        }
      ],
      "title": "Authentication Events",
      "type": "stat"
    },
    {
      "datasource": { "type": "loki", "uid": "loki" },
      "fieldConfig": {
        "defaults": {
          "color": { "mode": "thresholds" },
          "mappings": [],
          "thresholds": { "mode": "absolute", "steps": [{ "color": "green", "value": null }] },
          "unit": "short"
        },
        "overrides": []
      },
      "gridPos": { "h": 4, "w": 4, "x": 8, "y": 1 },
      "id": 4,
      "options": {
        "colorMode": "background",
        "graphMode": "area",
        "justifyMode": "auto",
        "orientation": "auto",
        "reduceOptions": { "calcs": ["sum"], "fields": "", "values": false },
        "textMode": "auto"
      },
      "targets": [
        {
          "datasource": { "type": "loki", "uid": "loki" },
          "expr": "sum(count_over_time({job=\"sonicwall-cse\", event_type=\"Access\"} [$__range]))",
          "refId": "A"
        }
      ],
      "title": "Access Events",
      "type": "stat"
    },
    {
      "datasource": { "type": "loki", "uid": "loki" },
      "fieldConfig": {
        "defaults": {
          "color": { "mode": "thresholds" },
          "mappings": [],
          "thresholds": { "mode": "absolute", "steps": [{ "color": "purple", "value": null }] },
          "unit": "short"
        },
        "overrides": []
      },
      "gridPos": { "h": 4, "w": 4, "x": 12, "y": 1 },
      "id": 5,
      "options": {
        "colorMode": "background",
        "graphMode": "area",
        "justifyMode": "auto",
        "orientation": "auto",
        "reduceOptions": { "calcs": ["sum"], "fields": "", "values": false },
        "textMode": "auto"
      },
      "targets": [
        {
          "datasource": { "type": "loki", "uid": "loki" },
          "expr": "sum(count_over_time({job=\"sonicwall-cse\", event_type=\"TrustScoring\"} [$__range]))",
          "refId": "A"
        }
      ],
      "title": "Trust Score Events",
      "type": "stat"
    },
    {
      "datasource": { "type": "loki", "uid": "loki" },
      "fieldConfig": {
        "defaults": {
          "color": { "mode": "thresholds" },
          "mappings": [],
          "thresholds": {
            "mode": "absolute",
            "steps": [
              { "color": "green", "value": null },
              { "color": "yellow", "value": 5 },
              { "color": "red", "value": 20 }
            ]
          },
          "unit": "short"
        },
        "overrides": []
      },
      "gridPos": { "h": 4, "w": 4, "x": 16, "y": 1 },
      "id": 6,
      "options": {
        "colorMode": "background",
        "graphMode": "area",
        "justifyMode": "auto",
        "orientation": "auto",
        "reduceOptions": { "calcs": ["sum"], "fields": "", "values": false },
        "textMode": "auto"
      },
      "targets": [
        {
          "datasource": { "type": "loki", "uid": "loki" },
          "expr": "sum(count_over_time({job=\"sonicwall-cse\", action=\"Deny\"} [$__range]))",
          "refId": "A"
        }
      ],
      "title": "Denied Events",
      "type": "stat"
    },
    {
      "datasource": { "type": "loki", "uid": "loki" },
      "fieldConfig": {
        "defaults": {
          "color": { "mode": "thresholds" },
          "mappings": [],
          "thresholds": { "mode": "absolute", "steps": [{ "color": "orange", "value": null }] },
          "unit": "short"
        },
        "overrides": []
      },
      "gridPos": { "h": 4, "w": 4, "x": 20, "y": 1 },
      "id": 7,
      "options": {
        "colorMode": "background",
        "graphMode": "area",
        "justifyMode": "auto",
        "orientation": "auto",
        "reduceOptions": { "calcs": ["sum"], "fields": "", "values": false },
        "textMode": "auto"
      },
      "targets": [
        {
          "datasource": { "type": "loki", "uid": "loki" },
          "expr": "count(sum by (user_email) (count_over_time({job=\"sonicwall-cse\", user_email!=\"\"} [$__range])))",
          "refId": "A"
        }
      ],
      "title": "Unique Users",
      "type": "stat"
    },
    {
      "collapsed": false,
      "gridPos": { "h": 1, "w": 24, "x": 0, "y": 5 },
      "id": 8,
      "panels": [],
      "title": "Event Timeline",
      "type": "row"
    },
    {
      "datasource": { "type": "loki", "uid": "loki" },
      "fieldConfig": {
        "defaults": {
          "color": { "mode": "palette-classic" },
          "custom": {
            "axisBorderShow": false,
            "axisCenteredZero": false,
            "axisColorMode": "text",
            "axisLabel": "",
            "axisPlacement": "auto",
            "barAlignment": 0,
            "drawStyle": "bars",
            "fillOpacity": 80,
            "gradientMode": "none",
            "hideFrom": { "legend": false, "tooltip": false, "viz": false },
            "insertNulls": false,
            "lineInterpolation": "linear",
            "lineWidth": 1,
            "pointSize": 5,
            "scaleDistribution": { "type": "linear" },
            "showPoints": "never",
            "spanNulls": false,
            "stacking": { "group": "A", "mode": "normal" },
            "thresholdsStyle": { "mode": "off" }
          },
          "mappings": [],
          "thresholds": { "mode": "absolute", "steps": [{ "color": "green", "value": null }] },
          "unit": "short"
        },
        "overrides": []
      },
      "gridPos": { "h": 8, "w": 24, "x": 0, "y": 6 },
      "id": 9,
      "options": {
        "legend": { "calcs": ["sum"], "displayMode": "table", "placement": "right", "showLegend": true },
        "tooltip": { "mode": "multi", "sort": "desc" }
      },
      "targets": [
        {
          "datasource": { "type": "loki", "uid": "loki" },
          "expr": "sum by (event_type) (count_over_time({job=\"sonicwall-cse\"} [$__interval]))",
          "legendFormat": "{{event_type}}",
          "refId": "A"
        }
      ],
      "title": "Events Over Time by Type",
      "type": "timeseries"
    },
    {
      "collapsed": false,
      "gridPos": { "h": 1, "w": 24, "x": 0, "y": 14 },
      "id": 10,
      "panels": [],
      "title": "Top Users & Services",
      "type": "row"
    },
    {
      "datasource": { "type": "loki", "uid": "loki" },
      "fieldConfig": {
        "defaults": {
          "color": { "mode": "palette-classic" },
          "custom": { "hideFrom": { "legend": false, "tooltip": false, "viz": false } },
          "mappings": []
        },
        "overrides": []
      },
      "gridPos": { "h": 8, "w": 8, "x": 0, "y": 15 },
      "id": 11,
      "options": {
        "legend": { "displayMode": "table", "placement": "right", "showLegend": true, "values": ["value"] },
        "pieType": "pie",
        "reduceOptions": { "calcs": ["sum"], "fields": "", "values": false },
        "tooltip": { "mode": "single", "sort": "none" }
      },
      "targets": [
        {
          "datasource": { "type": "loki", "uid": "loki" },
          "expr": "topk(10, sum by (user_email) (count_over_time({job=\"sonicwall-cse\", user_email!=\"\"} [$__range])))",
          "legendFormat": "{{user_email}}",
          "refId": "A"
        }
      ],
      "title": "Top 10 Users by Activity",
      "type": "piechart"
    },
    {
      "datasource": { "type": "loki", "uid": "loki" },
      "fieldConfig": {
        "defaults": {
          "color": { "mode": "palette-classic" },
          "custom": { "hideFrom": { "legend": false, "tooltip": false, "viz": false } },
          "mappings": []
        },
        "overrides": []
      },
      "gridPos": { "h": 8, "w": 8, "x": 8, "y": 15 },
      "id": 12,
      "options": {
        "legend": { "displayMode": "table", "placement": "right", "showLegend": true, "values": ["value"] },
        "pieType": "pie",
        "reduceOptions": { "calcs": ["sum"], "fields": "", "values": false },
        "tooltip": { "mode": "single", "sort": "none" }
      },
      "targets": [
        {
          "datasource": { "type": "loki", "uid": "loki" },
          "expr": "topk(10, sum by (service_name) (count_over_time({job=\"sonicwall-cse\", service_name!=\"\"} [$__range])))",
          "legendFormat": "{{service_name}}",
          "refId": "A"
        }
      ],
      "title": "Top 10 Services Accessed",
      "type": "piechart"
    },
    {
      "datasource": { "type": "loki", "uid": "loki" },
      "fieldConfig": {
        "defaults": {
          "color": { "mode": "palette-classic" },
          "custom": { "hideFrom": { "legend": false, "tooltip": false, "viz": false } },
          "mappings": []
        },
        "overrides": [
          { "matcher": { "id": "byName", "options": "Grant" }, "properties": [{ "id": "color", "value": { "fixedColor": "green", "mode": "fixed" } }] },
          { "matcher": { "id": "byName", "options": "Authorized" }, "properties": [{ "id": "color", "value": { "fixedColor": "blue", "mode": "fixed" } }] },
          { "matcher": { "id": "byName", "options": "Deny" }, "properties": [{ "id": "color", "value": { "fixedColor": "red", "mode": "fixed" } }] },
          { "matcher": { "id": "byName", "options": "TrustScoreCalculate" }, "properties": [{ "id": "color", "value": { "fixedColor": "purple", "mode": "fixed" } }] }
        ]
      },
      "gridPos": { "h": 8, "w": 8, "x": 16, "y": 15 },
      "id": 13,
      "options": {
        "legend": { "displayMode": "table", "placement": "right", "showLegend": true, "values": ["value", "percent"] },
        "pieType": "pie",
        "reduceOptions": { "calcs": ["sum"], "fields": "", "values": false },
        "tooltip": { "mode": "single", "sort": "none" }
      },
      "targets": [
        {
          "datasource": { "type": "loki", "uid": "loki" },
          "expr": "sum by (action) (count_over_time({job=\"sonicwall-cse\", action!=\"\"} [$__range]))",
          "legendFormat": "{{action}}",
          "refId": "A"
        }
      ],
      "title": "Actions Summary",
      "type": "piechart"
    },
    {
      "collapsed": false,
      "gridPos": { "h": 1, "w": 24, "x": 0, "y": 23 },
      "id": 14,
      "panels": [],
      "title": "Device & Location",
      "type": "row"
    },
    {
      "datasource": { "type": "loki", "uid": "loki" },
      "fieldConfig": {
        "defaults": {
          "color": { "mode": "palette-classic" },
          "custom": { "hideFrom": { "legend": false, "tooltip": false, "viz": false } },
          "mappings": []
        },
        "overrides": []
      },
      "gridPos": { "h": 6, "w": 8, "x": 0, "y": 24 },
      "id": 15,
      "options": {
        "legend": { "displayMode": "table", "placement": "right", "showLegend": true, "values": ["value", "percent"] },
        "pieType": "donut",
        "reduceOptions": { "calcs": ["sum"], "fields": "", "values": false },
        "tooltip": { "mode": "single", "sort": "none" }
      },
      "targets": [
        {
          "datasource": { "type": "loki", "uid": "loki" },
          "expr": "sum by (device_platform) (count_over_time({job=\"sonicwall-cse\", device_platform!=\"\"} [$__range]))",
          "legendFormat": "{{device_platform}}",
          "refId": "A"
        }
      ],
      "title": "By Device Platform",
      "type": "piechart"
    },
    {
      "datasource": { "type": "loki", "uid": "loki" },
      "fieldConfig": {
        "defaults": {
          "color": { "mode": "palette-classic" },
          "custom": { "hideFrom": { "legend": false, "tooltip": false, "viz": false } },
          "mappings": []
        },
        "overrides": [
          { "matcher": { "id": "byName", "options": "High" }, "properties": [{ "id": "color", "value": { "fixedColor": "green", "mode": "fixed" } }] },
          { "matcher": { "id": "byName", "options": "Medium" }, "properties": [{ "id": "color", "value": { "fixedColor": "yellow", "mode": "fixed" } }] },
          { "matcher": { "id": "byName", "options": "Low" }, "properties": [{ "id": "color", "value": { "fixedColor": "red", "mode": "fixed" } }] }
        ]
      },
      "gridPos": { "h": 6, "w": 8, "x": 8, "y": 24 },
      "id": 16,
      "options": {
        "legend": { "displayMode": "table", "placement": "right", "showLegend": true, "values": ["value", "percent"] },
        "pieType": "donut",
        "reduceOptions": { "calcs": ["sum"], "fields": "", "values": false },
        "tooltip": { "mode": "single", "sort": "none" }
      },
      "targets": [
        {
          "datasource": { "type": "loki", "uid": "loki" },
          "expr": "sum by (trust_level) (count_over_time({job=\"sonicwall-cse\", trust_level!=\"\"} [$__range]))",
          "legendFormat": "{{trust_level}}",
          "refId": "A"
        }
      ],
      "title": "By Trust Level",
      "type": "piechart"
    },
    {
      "datasource": { "type": "loki", "uid": "loki" },
      "fieldConfig": {
        "defaults": {
          "color": { "mode": "palette-classic" },
          "custom": { "hideFrom": { "legend": false, "tooltip": false, "viz": false } },
          "mappings": []
        },
        "overrides": []
      },
      "gridPos": { "h": 6, "w": 8, "x": 16, "y": 24 },
      "id": 17,
      "options": {
        "legend": { "displayMode": "table", "placement": "right", "showLegend": true, "values": ["value"] },
        "pieType": "donut",
        "reduceOptions": { "calcs": ["sum"], "fields": "", "values": false },
        "tooltip": { "mode": "single", "sort": "none" }
      },
      "targets": [
        {
          "datasource": { "type": "loki", "uid": "loki" },
          "expr": "topk(5, sum by (geo_country) (count_over_time({job=\"sonicwall-cse\", geo_country!=\"\"} [$__range])))",
          "legendFormat": "{{geo_country}}",
          "refId": "A"
        }
      ],
      "title": "By Country",
      "type": "piechart"
    },
    {
      "collapsed": false,
      "gridPos": { "h": 1, "w": 24, "x": 0, "y": 30 },
      "id": 18,
      "panels": [],
      "title": "Recent Events",
      "type": "row"
    },
    {
      "datasource": { "type": "loki", "uid": "loki" },
      "gridPos": { "h": 10, "w": 24, "x": 0, "y": 31 },
      "id": 19,
      "options": {
        "dedupStrategy": "none",
        "enableLogDetails": true,
        "prettifyLogMessage": false,
        "showCommonLabels": false,
        "showLabels": true,
        "showTime": true,
        "sortOrder": "Descending",
        "wrapLogMessage": true
      },
      "targets": [
        {
          "datasource": { "type": "loki", "uid": "loki" },
          "expr": "{job=\"sonicwall-cse\"}",
          "refId": "A"
        }
      ],
      "title": "Live Event Stream",
      "type": "logs"
    }
  ],
  "refresh": "30s",
  "schemaVersion": 38,
  "tags": ["sonicwall", "cse", "security", "daily"],
  "templating": { "list": [] },
  "time": { "from": "now-24h", "to": "now" },
  "timepicker": {},
  "timezone": "",
  "title": "CSE Daily Overview",
  "uid": "cse-daily-overview-v2",
  "version": 1,
  "weekStart": ""
}
