{
  "annotations": {
    "list": [
      {
        "builtIn": 1,
        "datasource": { "type": "grafana", "uid": "-- Grafana --" },
        "enable": true,
        "hide": true,
        "iconColor": "rgba(0, 211, 255, 1)",
        "name": "Annotations & Alerts",
        "type": "dashboard"
      }
    ]
  },
  "description": "Weekly summary report for SonicWall Cloud Secure Edge - v2.1",
  "editable": true,
  "fiscalYearStartMonth": 0,
  "graphTooltip": 1,
  "id": null,
  "links": [],
  "panels": [
    {
      "collapsed": false,
      "gridPos": { "h": 1, "w": 24, "x": 0, "y": 0 },
      "id": 1,
      "panels": [],
      "title": "Weekly Summary",
      "type": "row"
    },
    {
      "datasource": { "type": "loki", "uid": "loki" },
      "fieldConfig": {
        "defaults": {
          "color": { "mode": "thresholds" },
          "mappings": [],
          "thresholds": { "mode": "absolute", "steps": [{ "color": "blue", "value": null }] },
          "unit": "short"
        },
        "overrides": []
      },
      "gridPos": { "h": 4, "w": 4, "x": 0, "y": 1 },
      "id": 2,
      "options": {
        "colorMode": "background",
        "graphMode": "area",
        "justifyMode": "auto",
        "orientation": "auto",
        "reduceOptions": { "calcs": ["sum"], "fields": "", "values": false },
        "textMode": "auto"
      },
      "targets": [
        {
          "datasource": { "type": "loki", "uid": "loki" },
          "expr": "sum(count_over_time({job=\"sonicwall-cse\"} [$__range]))",
          "refId": "A"
        }
      ],
      "title": "Total Events",
      "type": "stat"
    },
    {
      "datasource": { "type": "loki", "uid": "loki" },
      "fieldConfig": {
        "defaults": {
          "color": { "mode": "thresholds" },
          "mappings": [],
          "thresholds": { "mode": "absolute", "steps": [{ "color": "green", "value": null }] },
          "unit": "short"
        },
        "overrides": []
      },
      "gridPos": { "h": 4, "w": 4, "x": 4, "y": 1 },
      "id": 3,
      "options": {
        "colorMode": "background",
        "graphMode": "area",
        "justifyMode": "auto",
        "orientation": "auto",
        "reduceOptions": { "calcs": ["sum"], "fields": "", "values": false },
        "textMode": "auto"
      },
      "targets": [
        {
          "datasource": { "type": "loki", "uid": "loki" },
          "expr": "sum(count_over_time({job=\"sonicwall-cse\", event_type=\"Identity\", action=\"Grant\"} [$__range]))",
          "refId": "A"
        }
      ],
      "title": "Successful Logins",
      "type": "stat"
    },
    {
      "datasource": { "type": "loki", "uid": "loki" },
      "fieldConfig": {
        "defaults": {
          "color": { "mode": "thresholds" },
          "mappings": [],
          "thresholds": { "mode": "absolute", "steps": [{ "color": "red", "value": null }] },
          "unit": "short"
        },
        "overrides": []
      },
      "gridPos": { "h": 4, "w": 4, "x": 8, "y": 1 },
      "id": 4,
      "options": {
        "colorMode": "background",
        "graphMode": "area",
        "justifyMode": "auto",
        "orientation": "auto",
        "reduceOptions": { "calcs": ["sum"], "fields": "", "values": false },
        "textMode": "auto"
      },
      "targets": [
        {
          "datasource": { "type": "loki", "uid": "loki" },
          "expr": "sum(count_over_time({job=\"sonicwall-cse\", event_type=\"Identity\", action=\"Deny\"} [$__range]))",
          "refId": "A"
        }
      ],
      "title": "Failed Logins",
      "type": "stat"
    },
    {
      "datasource": { "type": "loki", "uid": "loki" },
      "fieldConfig": {
        "defaults": {
          "color": { "mode": "thresholds" },
          "mappings": [],
          "thresholds": { "mode": "absolute", "steps": [{ "color": "orange", "value": null }] },
          "unit": "short"
        },
        "overrides": []
      },
      "gridPos": { "h": 4, "w": 4, "x": 12, "y": 1 },
      "id": 5,
      "options": {
        "colorMode": "background",
        "graphMode": "area",
        "justifyMode": "auto",
        "orientation": "auto",
        "reduceOptions": { "calcs": ["sum"], "fields": "", "values": false },
        "textMode": "auto"
      },
      "targets": [
        {
          "datasource": { "type": "loki", "uid": "loki" },
          "expr": "sum(count_over_time({job=\"sonicwall-cse\", action=~\"Deny|Unauthorized\"} [$__range]))",
          "refId": "A"
        }
      ],
      "title": "Blocked Access",
      "type": "stat"
    },
    {
      "datasource": { "type": "loki", "uid": "loki" },
      "fieldConfig": {
        "defaults": {
          "color": { "mode": "thresholds" },
          "mappings": [],
          "thresholds": { "mode": "absolute", "steps": [{ "color": "purple", "value": null }] },
          "unit": "short"
        },
        "overrides": []
      },
      "gridPos": { "h": 4, "w": 4, "x": 16, "y": 1 },
      "id": 6,
      "options": {
        "colorMode": "background",
        "graphMode": "area",
        "justifyMode": "auto",
        "orientation": "auto",
        "reduceOptions": { "calcs": ["sum"], "fields": "", "values": false },
        "textMode": "auto"
      },
      "targets": [
        {
          "datasource": { "type": "loki", "uid": "loki" },
          "expr": "sum(count_over_time({job=\"sonicwall-cse\", event_type=\"TrustScoring\"} [$__range]))",
          "refId": "A"
        }
      ],
      "title": "Trust Score Events",
      "type": "stat"
    },
    {
      "datasource": { "type": "loki", "uid": "loki" },
      "fieldConfig": {
        "defaults": {
          "color": { "mode": "thresholds" },
          "mappings": [],
          "thresholds": { "mode": "absolute", "steps": [{ "color": "yellow", "value": null }] },
          "unit": "short"
        },
        "overrides": []
      },
      "gridPos": { "h": 4, "w": 4, "x": 20, "y": 1 },
      "id": 7,
      "options": {
        "colorMode": "background",
        "graphMode": "area",
        "justifyMode": "auto",
        "orientation": "auto",
        "reduceOptions": { "calcs": ["sum"], "fields": "", "values": false },
        "textMode": "auto"
      },
      "targets": [
        {
          "datasource": { "type": "loki", "uid": "loki" },
          "expr": "count(sum by (user_email) (count_over_time({job=\"sonicwall-cse\", user_email!=\"\"} [$__range])))",
          "refId": "A"
        }
      ],
      "title": "Unique Users",
      "type": "stat"
    },
    {
      "collapsed": false,
      "gridPos": { "h": 1, "w": 24, "x": 0, "y": 5 },
      "id": 8,
      "panels": [],
      "title": "Weekly Trends",
      "type": "row"
    },
    {
      "datasource": { "type": "loki", "uid": "loki" },
      "fieldConfig": {
        "defaults": {
          "color": { "mode": "palette-classic" },
          "custom": {
            "axisBorderShow": false,
            "axisPlacement": "auto",
            "barAlignment": 0,
            "drawStyle": "bars",
            "fillOpacity": 80,
            "gradientMode": "none",
            "hideFrom": { "legend": false, "tooltip": false, "viz": false },
            "lineWidth": 1,
            "pointSize": 5,
            "showPoints": "never",
            "spanNulls": false,
            "stacking": { "group": "A", "mode": "normal" },
            "thresholdsStyle": { "mode": "off" }
          },
          "mappings": [],
          "thresholds": { "mode": "absolute", "steps": [{ "color": "green", "value": null }] },
          "unit": "short"
        },
        "overrides": []
      },
      "gridPos": { "h": 8, "w": 24, "x": 0, "y": 6 },
      "id": 9,
      "options": {
        "legend": { "calcs": ["sum"], "displayMode": "table", "placement": "right", "showLegend": true },
        "tooltip": { "mode": "multi", "sort": "desc" }
      },
      "targets": [
        {
          "datasource": { "type": "loki", "uid": "loki" },
          "expr": "sum by (event_type) (count_over_time({job=\"sonicwall-cse\"} [1d]))",
          "legendFormat": "{{event_type}}",
          "refId": "A"
        }
      ],
      "title": "Daily Event Volume by Type",
      "type": "timeseries"
    },
    {
      "collapsed": false,
      "gridPos": { "h": 1, "w": 24, "x": 0, "y": 14 },
      "id": 10,
      "panels": [],
      "title": "User Activity",
      "type": "row"
    },
    {
      "datasource": { "type": "loki", "uid": "loki" },
      "fieldConfig": {
        "defaults": {
          "color": { "mode": "thresholds" },
          "custom": { "align": "auto", "cellOptions": { "type": "auto" }, "inspect": false },
          "mappings": [],
          "thresholds": { "mode": "absolute", "steps": [{ "color": "green", "value": null }] }
        },
        "overrides": [
          {
            "matcher": { "id": "byName", "options": "Value" },
            "properties": [
              { "id": "displayName", "value": "Events" },
              { "id": "custom.cellOptions", "value": { "mode": "gradient", "type": "gauge" } }
            ]
          }
        ]
      },
      "gridPos": { "h": 10, "w": 8, "x": 0, "y": 15 },
      "id": 11,
      "options": {
        "cellHeight": "sm",
        "footer": { "countRows": false, "fields": "", "reducer": ["sum"], "show": false },
        "showHeader": true,
        "sortBy": [{ "desc": true, "displayName": "Events" }]
      },
      "targets": [
        {
          "datasource": { "type": "loki", "uid": "loki" },
          "expr": "topk(15, sum by (user_email) (count_over_time({job=\"sonicwall-cse\", user_email!=\"\"} [$__range])))",
          "legendFormat": "{{user_email}}",
          "refId": "A"
        }
      ],
      "title": "Most Active Users",
      "transformations": [{ "id": "reduce", "options": { "reducers": ["sum"] } }],
      "type": "table"
    },
    {
      "datasource": { "type": "loki", "uid": "loki" },
      "fieldConfig": {
        "defaults": {
          "color": { "mode": "thresholds" },
          "custom": { "align": "auto", "cellOptions": { "type": "auto" }, "inspect": false },
          "mappings": [],
          "thresholds": { "mode": "absolute", "steps": [{ "color": "green", "value": null }] }
        },
        "overrides": [
          {
            "matcher": { "id": "byName", "options": "Value" },
            "properties": [
              { "id": "displayName", "value": "Access Count" },
              { "id": "custom.cellOptions", "value": { "mode": "gradient", "type": "gauge" } }
            ]
          }
        ]
      },
      "gridPos": { "h": 10, "w": 8, "x": 8, "y": 15 },
      "id": 12,
      "options": {
        "cellHeight": "sm",
        "footer": { "countRows": false, "fields": "", "reducer": ["sum"], "show": false },
        "showHeader": true,
        "sortBy": [{ "desc": true, "displayName": "Access Count" }]
      },
      "targets": [
        {
          "datasource": { "type": "loki", "uid": "loki" },
          "expr": "topk(15, sum by (service_name) (count_over_time({job=\"sonicwall-cse\", service_name!=\"\"} [$__range])))",
          "legendFormat": "{{service_name}}",
          "refId": "A"
        }
      ],
      "title": "Top Services",
      "transformations": [{ "id": "reduce", "options": { "reducers": ["sum"] } }],
      "type": "table"
    },
    {
      "datasource": { "type": "loki", "uid": "loki" },
      "fieldConfig": {
        "defaults": {
          "color": { "mode": "palette-classic" },
          "custom": { "hideFrom": { "legend": false, "tooltip": false, "viz": false } },
          "mappings": []
        },
        "overrides": [
          { "matcher": { "id": "byName", "options": "Grant" }, "properties": [{ "id": "color", "value": { "fixedColor": "green", "mode": "fixed" } }] },
          { "matcher": { "id": "byName", "options": "Authorized" }, "properties": [{ "id": "color", "value": { "fixedColor": "blue", "mode": "fixed" } }] },
          { "matcher": { "id": "byName", "options": "Deny" }, "properties": [{ "id": "color", "value": { "fixedColor": "red", "mode": "fixed" } }] }
        ]
      },
      "gridPos": { "h": 10, "w": 8, "x": 16, "y": 15 },
      "id": 13,
      "options": {
        "legend": { "displayMode": "table", "placement": "right", "showLegend": true, "values": ["value", "percent"] },
        "pieType": "pie",
        "reduceOptions": { "calcs": ["sum"], "fields": "", "values": false },
        "tooltip": { "mode": "single", "sort": "none" }
      },
      "targets": [
        {
          "datasource": { "type": "loki", "uid": "loki" },
          "expr": "sum by (action) (count_over_time({job=\"sonicwall-cse\", action!=\"\"} [$__range]))",
          "legendFormat": "{{action}}",
          "refId": "A"
        }
      ],
      "title": "Actions Distribution",
      "type": "piechart"
    },
    {
      "collapsed": false,
      "gridPos": { "h": 1, "w": 24, "x": 0, "y": 25 },
      "id": 14,
      "panels": [],
      "title": "Security Summary",
      "type": "row"
    },
    {
      "datasource": { "type": "loki", "uid": "loki" },
      "fieldConfig": {
        "defaults": {
          "color": { "mode": "palette-classic" },
          "custom": {
            "axisPlacement": "auto",
            "drawStyle": "line",
            "fillOpacity": 20,
            "lineInterpolation": "smooth",
            "lineWidth": 2,
            "pointSize": 5,
            "showPoints": "never",
            "spanNulls": false,
            "stacking": { "group": "A", "mode": "none" },
            "thresholdsStyle": { "mode": "off" }
          },
          "mappings": [],
          "thresholds": { "mode": "absolute", "steps": [{ "color": "green", "value": null }] },
          "unit": "short"
        },
        "overrides": [
          { "matcher": { "id": "byName", "options": "Deny" }, "properties": [{ "id": "color", "value": { "fixedColor": "red", "mode": "fixed" } }] },
          { "matcher": { "id": "byName", "options": "Grant" }, "properties": [{ "id": "color", "value": { "fixedColor": "green", "mode": "fixed" } }] }
        ]
      },
      "gridPos": { "h": 8, "w": 24, "x": 0, "y": 26 },
      "id": 15,
      "options": {
        "legend": { "calcs": ["sum", "mean"], "displayMode": "table", "placement": "right", "showLegend": true },
        "tooltip": { "mode": "multi", "sort": "desc" }
      },
      "targets": [
        {
          "datasource": { "type": "loki", "uid": "loki" },
          "expr": "sum by (action) (count_over_time({job=\"sonicwall-cse\", event_type=\"Identity\"} [1d]))",
          "legendFormat": "{{action}}",
          "refId": "A"
        }
      ],
      "title": "Authentication Trends (Daily)",
      "type": "timeseries"
    }
  ],
  "refresh": "5m",
  "schemaVersion": 38,
  "tags": ["sonicwall", "cse", "weekly", "report"],
  "templating": { "list": [] },
  "time": { "from": "now-7d", "to": "now" },
  "timepicker": {},
  "timezone": "",
  "title": "CSE Weekly Summary",
  "uid": "cse-weekly-summary-v2",
  "version": 1,
  "weekStart": ""
}
