{
  "annotations": {
    "list": [
      {
        "builtIn": 1,
        "datasource": { "type": "grafana", "uid": "-- Grafana --" },
        "enable": true,
        "hide": true,
        "iconColor": "rgba(0, 211, 255, 1)",
        "name": "Annotations & Alerts",
        "type": "dashboard"
      }
    ]
  },
  "description": "Monthly executive report for SonicWall Cloud Secure Edge - v2.1",
  "editable": true,
  "fiscalYearStartMonth": 0,
  "graphTooltip": 1,
  "id": null,
  "links": [],
  "panels": [
    {
      "collapsed": false,
      "gridPos": { "h": 1, "w": 24, "x": 0, "y": 0 },
      "id": 1,
      "panels": [],
      "title": "Monthly Executive Summary",
      "type": "row"
    },
    {
      "datasource": { "type": "loki", "uid": "loki" },
      "fieldConfig": {
        "defaults": {
          "color": { "mode": "thresholds" },
          "mappings": [],
          "thresholds": { "mode": "absolute", "steps": [{ "color": "blue", "value": null }] },
          "unit": "short"
        },
        "overrides": []
      },
      "gridPos": { "h": 5, "w": 4, "x": 0, "y": 1 },
      "id": 2,
      "options": {
        "colorMode": "background",
        "graphMode": "none",
        "justifyMode": "auto",
        "orientation": "auto",
        "reduceOptions": { "calcs": ["sum"], "fields": "", "values": false },
        "textMode": "auto"
      },
      "targets": [
        {
          "datasource": { "type": "loki", "uid": "loki" },
          "expr": "sum(count_over_time({job=\"sonicwall-cse\"} [$__range]))",
          "refId": "A"
        }
      ],
      "title": "Total Events",
      "type": "stat"
    },
    {
      "datasource": { "type": "loki", "uid": "loki" },
      "fieldConfig": {
        "defaults": {
          "color": { "mode": "thresholds" },
          "mappings": [],
          "thresholds": { "mode": "absolute", "steps": [{ "color": "green", "value": null }] },
          "unit": "short"
        },
        "overrides": []
      },
      "gridPos": { "h": 5, "w": 4, "x": 4, "y": 1 },
      "id": 3,
      "options": {
        "colorMode": "background",
        "graphMode": "none",
        "justifyMode": "auto",
        "orientation": "auto",
        "reduceOptions": { "calcs": ["sum"], "fields": "", "values": false },
        "textMode": "auto"
      },
      "targets": [
        {
          "datasource": { "type": "loki", "uid": "loki" },
          "expr": "sum(count_over_time({job=\"sonicwall-cse\", event_type=\"Identity\"} [$__range]))",
          "refId": "A"
        }
      ],
      "title": "Auth Events",
      "type": "stat"
    },
    {
      "datasource": { "type": "loki", "uid": "loki" },
      "fieldConfig": {
        "defaults": {
          "color": { "mode": "thresholds" },
          "mappings": [],
          "thresholds": { "mode": "absolute", "steps": [{ "color": "green", "value": null }] },
          "unit": "short"
        },
        "overrides": []
      },
      "gridPos": { "h": 5, "w": 4, "x": 8, "y": 1 },
      "id": 4,
      "options": {
        "colorMode": "background",
        "graphMode": "none",
        "justifyMode": "auto",
        "orientation": "auto",
        "reduceOptions": { "calcs": ["sum"], "fields": "", "values": false },
        "textMode": "auto"
      },
      "targets": [
        {
          "datasource": { "type": "loki", "uid": "loki" },
          "expr": "sum(count_over_time({job=\"sonicwall-cse\", event_type=\"Access\"} [$__range]))",
          "refId": "A"
        }
      ],
      "title": "Access Events",
      "type": "stat"
    },
    {
      "datasource": { "type": "loki", "uid": "loki" },
      "fieldConfig": {
        "defaults": {
          "color": { "mode": "thresholds" },
          "mappings": [],
          "thresholds": { "mode": "absolute", "steps": [{ "color": "red", "value": null }] },
          "unit": "short"
        },
        "overrides": []
      },
      "gridPos": { "h": 5, "w": 4, "x": 12, "y": 1 },
      "id": 5,
      "options": {
        "colorMode": "background",
        "graphMode": "none",
        "justifyMode": "auto",
        "orientation": "auto",
        "reduceOptions": { "calcs": ["sum"], "fields": "", "values": false },
        "textMode": "auto"
      },
      "targets": [
        {
          "datasource": { "type": "loki", "uid": "loki" },
          "expr": "sum(count_over_time({job=\"sonicwall-cse\", action=~\"Deny|Unauthorized\"} [$__range]))",
          "refId": "A"
        }
      ],
      "title": "Blocked Events",
      "type": "stat"
    },
    {
      "datasource": { "type": "loki", "uid": "loki" },
      "fieldConfig": {
        "defaults": {
          "color": { "mode": "thresholds" },
          "mappings": [],
          "thresholds": { "mode": "absolute", "steps": [{ "color": "orange", "value": null }] },
          "unit": "short"
        },
        "overrides": []
      },
      "gridPos": { "h": 5, "w": 4, "x": 16, "y": 1 },
      "id": 6,
      "options": {
        "colorMode": "background",
        "graphMode": "none",
        "justifyMode": "auto",
        "orientation": "auto",
        "reduceOptions": { "calcs": ["sum"], "fields": "", "values": false },
        "textMode": "auto"
      },
      "targets": [
        {
          "datasource": { "type": "loki", "uid": "loki" },
          "expr": "count(sum by (user_email) (count_over_time({job=\"sonicwall-cse\", user_email!=\"\"} [$__range])))",
          "refId": "A"
        }
      ],
      "title": "Unique Users",
      "type": "stat"
    },
    {
      "datasource": { "type": "loki", "uid": "loki" },
      "fieldConfig": {
        "defaults": {
          "color": { "mode": "thresholds" },
          "mappings": [],
          "max": 100,
          "min": 0,
          "thresholds": {
            "mode": "absolute",
            "steps": [
              { "color": "red", "value": null },
              { "color": "yellow", "value": 90 },
              { "color": "green", "value": 98 }
            ]
          },
          "unit": "percent"
        },
        "overrides": []
      },
      "gridPos": { "h": 5, "w": 4, "x": 20, "y": 1 },
      "id": 7,
      "options": {
        "colorMode": "background",
        "graphMode": "none",
        "justifyMode": "auto",
        "orientation": "auto",
        "reduceOptions": { "calcs": ["lastNotNull"], "fields": "", "values": false },
        "textMode": "auto"
      },
      "targets": [
        {
          "datasource": { "type": "loki", "uid": "loki" },
          "expr": "100 * sum(count_over_time({job=\"sonicwall-cse\", event_type=\"Identity\", action=\"Grant\"} [$__range])) / sum(count_over_time({job=\"sonicwall-cse\", event_type=\"Identity\"} [$__range]))",
          "refId": "A"
        }
      ],
      "title": "Auth Success Rate",
      "type": "stat"
    },
    {
      "collapsed": false,
      "gridPos": { "h": 1, "w": 24, "x": 0, "y": 6 },
      "id": 8,
      "panels": [],
      "title": "Monthly Trends",
      "type": "row"
    },
    {
      "datasource": { "type": "loki", "uid": "loki" },
      "fieldConfig": {
        "defaults": {
          "color": { "mode": "palette-classic" },
          "custom": {
            "axisPlacement": "auto",
            "barAlignment": 0,
            "drawStyle": "bars",
            "fillOpacity": 80,
            "gradientMode": "none",
            "hideFrom": { "legend": false, "tooltip": false, "viz": false },
            "lineWidth": 1,
            "pointSize": 5,
            "showPoints": "never",
            "spanNulls": false,
            "stacking": { "group": "A", "mode": "normal" },
            "thresholdsStyle": { "mode": "off" }
          },
          "mappings": [],
          "thresholds": { "mode": "absolute", "steps": [{ "color": "green", "value": null }] },
          "unit": "short"
        },
        "overrides": []
      },
      "gridPos": { "h": 8, "w": 24, "x": 0, "y": 7 },
      "id": 9,
      "options": {
        "legend": { "calcs": ["sum", "mean"], "displayMode": "table", "placement": "right", "showLegend": true },
        "tooltip": { "mode": "multi", "sort": "desc" }
      },
      "targets": [
        {
          "datasource": { "type": "loki", "uid": "loki" },
          "expr": "sum by (event_type) (count_over_time({job=\"sonicwall-cse\"} [1d]))",
          "legendFormat": "{{event_type}}",
          "refId": "A"
        }
      ],
      "title": "Daily Event Volume",
      "type": "timeseries"
    },
    {
      "collapsed": false,
      "gridPos": { "h": 1, "w": 24, "x": 0, "y": 15 },
      "id": 10,
      "panels": [],
      "title": "Usage Analytics",
      "type": "row"
    },
    {
      "datasource": { "type": "loki", "uid": "loki" },
      "fieldConfig": {
        "defaults": {
          "color": { "mode": "palette-classic" },
          "custom": { "hideFrom": { "legend": false, "tooltip": false, "viz": false } },
          "mappings": []
        },
        "overrides": []
      },
      "gridPos": { "h": 8, "w": 8, "x": 0, "y": 16 },
      "id": 11,
      "options": {
        "legend": { "displayMode": "table", "placement": "right", "showLegend": true, "values": ["value", "percent"] },
        "pieType": "donut",
        "reduceOptions": { "calcs": ["sum"], "fields": "", "values": false },
        "tooltip": { "mode": "single", "sort": "none" }
      },
      "targets": [
        {
          "datasource": { "type": "loki", "uid": "loki" },
          "expr": "topk(10, sum by (service_name) (count_over_time({job=\"sonicwall-cse\", service_name!=\"\"} [$__range])))",
          "legendFormat": "{{service_name}}",
          "refId": "A"
        }
      ],
      "title": "Top Services",
      "type": "piechart"
    },
    {
      "datasource": { "type": "loki", "uid": "loki" },
      "fieldConfig": {
        "defaults": {
          "color": { "mode": "palette-classic" },
          "custom": { "hideFrom": { "legend": false, "tooltip": false, "viz": false } },
          "mappings": []
        },
        "overrides": []
      },
      "gridPos": { "h": 8, "w": 8, "x": 8, "y": 16 },
      "id": 12,
      "options": {
        "legend": { "displayMode": "table", "placement": "right", "showLegend": true, "values": ["value", "percent"] },
        "pieType": "donut",
        "reduceOptions": { "calcs": ["sum"], "fields": "", "values": false },
        "tooltip": { "mode": "single", "sort": "none" }
      },
      "targets": [
        {
          "datasource": { "type": "loki", "uid": "loki" },
          "expr": "sum by (event_type) (count_over_time({job=\"sonicwall-cse\"} [$__range]))",
          "legendFormat": "{{event_type}}",
          "refId": "A"
        }
      ],
      "title": "Event Type Distribution",
      "type": "piechart"
    },
    {
      "datasource": { "type": "loki", "uid": "loki" },
      "fieldConfig": {
        "defaults": {
          "color": { "mode": "palette-classic" },
          "custom": { "hideFrom": { "legend": false, "tooltip": false, "viz": false } },
          "mappings": []
        },
        "overrides": []
      },
      "gridPos": { "h": 8, "w": 8, "x": 16, "y": 16 },
      "id": 13,
      "options": {
        "legend": { "displayMode": "table", "placement": "right", "showLegend": true, "values": ["value", "percent"] },
        "pieType": "donut",
        "reduceOptions": { "calcs": ["sum"], "fields": "", "values": false },
        "tooltip": { "mode": "single", "sort": "none" }
      },
      "targets": [
        {
          "datasource": { "type": "loki", "uid": "loki" },
          "expr": "sum by (device_platform) (count_over_time({job=\"sonicwall-cse\", device_platform!=\"\"} [$__range]))",
          "legendFormat": "{{device_platform}}",
          "refId": "A"
        }
      ],
      "title": "Device Platforms",
      "type": "piechart"
    },
    {
      "collapsed": false,
      "gridPos": { "h": 1, "w": 24, "x": 0, "y": 24 },
      "id": 14,
      "panels": [],
      "title": "User & Location Rankings",
      "type": "row"
    },
    {
      "datasource": { "type": "loki", "uid": "loki" },
      "fieldConfig": {
        "defaults": {
          "color": { "mode": "thresholds" },
          "custom": { "align": "auto", "cellOptions": { "type": "auto" }, "inspect": false },
          "mappings": [],
          "thresholds": { "mode": "absolute", "steps": [{ "color": "green", "value": null }] }
        },
        "overrides": [
          {
            "matcher": { "id": "byName", "options": "Value" },
            "properties": [
              { "id": "displayName", "value": "Total Events" },
              { "id": "custom.cellOptions", "value": { "mode": "gradient", "type": "gauge" } }
            ]
          }
        ]
      },
      "gridPos": { "h": 10, "w": 8, "x": 0, "y": 25 },
      "id": 15,
      "options": {
        "cellHeight": "sm",
        "footer": { "countRows": false, "fields": "", "reducer": ["sum"], "show": false },
        "showHeader": true,
        "sortBy": [{ "desc": true, "displayName": "Total Events" }]
      },
      "targets": [
        {
          "datasource": { "type": "loki", "uid": "loki" },
          "expr": "topk(20, sum by (user_email) (count_over_time({job=\"sonicwall-cse\", user_email!=\"\"} [$__range])))",
          "legendFormat": "{{user_email}}",
          "refId": "A"
        }
      ],
      "title": "Top 20 Users by Activity",
      "transformations": [{ "id": "reduce", "options": { "reducers": ["sum"] } }],
      "type": "table"
    },
    {
      "datasource": { "type": "loki", "uid": "loki" },
      "fieldConfig": {
        "defaults": {
          "color": { "mode": "thresholds" },
          "custom": { "align": "auto", "cellOptions": { "type": "auto" }, "inspect": false },
          "mappings": [],
          "thresholds": { "mode": "absolute", "steps": [{ "color": "green", "value": null }] }
        },
        "overrides": [
          {
            "matcher": { "id": "byName", "options": "Value" },
            "properties": [
              { "id": "displayName", "value": "Access Count" },
              { "id": "custom.cellOptions", "value": { "mode": "gradient", "type": "gauge" } }
            ]
          }
        ]
      },
      "gridPos": { "h": 10, "w": 8, "x": 8, "y": 25 },
      "id": 16,
      "options": {
        "cellHeight": "sm",
        "footer": { "countRows": false, "fields": "", "reducer": ["sum"], "show": false },
        "showHeader": true,
        "sortBy": [{ "desc": true, "displayName": "Access Count" }]
      },
      "targets": [
        {
          "datasource": { "type": "loki", "uid": "loki" },
          "expr": "topk(20, sum by (geo_country) (count_over_time({job=\"sonicwall-cse\", geo_country!=\"\"} [$__range])))",
          "legendFormat": "{{geo_country}}",
          "refId": "A"
        }
      ],
      "title": "Top Countries",
      "transformations": [{ "id": "reduce", "options": { "reducers": ["sum"] } }],
      "type": "table"
    },
    {
      "datasource": { "type": "loki", "uid": "loki" },
      "fieldConfig": {
        "defaults": {
          "color": { "mode": "thresholds" },
          "custom": { "align": "auto", "cellOptions": { "type": "auto" }, "inspect": false },
          "mappings": [],
          "thresholds": { "mode": "absolute", "steps": [{ "color": "green", "value": null }] }
        },
        "overrides": [
          {
            "matcher": { "id": "byName", "options": "Value" },
            "properties": [
              { "id": "displayName", "value": "Count" },
              { "id": "custom.cellOptions", "value": { "mode": "gradient", "type": "gauge" } }
            ]
          }
        ]
      },
      "gridPos": { "h": 10, "w": 8, "x": 16, "y": 25 },
      "id": 17,
      "options": {
        "cellHeight": "sm",
        "footer": { "countRows": false, "fields": "", "reducer": ["sum"], "show": false },
        "showHeader": true,
        "sortBy": [{ "desc": true, "displayName": "Count" }]
      },
      "targets": [
        {
          "datasource": { "type": "loki", "uid": "loki" },
          "expr": "topk(20, sum by (policy_name) (count_over_time({job=\"sonicwall-cse\", policy_name!=\"\"} [$__range])))",
          "legendFormat": "{{policy_name}}",
          "refId": "A"
        }
      ],
      "title": "Top Policies",
      "transformations": [{ "id": "reduce", "options": { "reducers": ["sum"] } }],
      "type": "table"
    }
  ],
  "refresh": "",
  "schemaVersion": 38,
  "tags": ["sonicwall", "cse", "monthly", "executive", "report"],
  "templating": { "list": [] },
  "time": { "from": "now-30d", "to": "now" },
  "timepicker": {},
  "timezone": "",
  "title": "CSE Monthly Report",
  "uid": "cse-monthly-report-v2",
  "version": 1,
  "weekStart": ""
}
